,step,speaker,text,sentiment,intent
0,1,agent,"Hello, thank you for contacting our support. How can I assist you today?",very positive,other
1,2,customer,"Hi, I'm considering buying an iPhone 14 but have heard mixed reviews. Can you provide some clear details?",neutral,model details
2,3,agent,"Of course! The iPhone 14 comes with a 6.1-inch display and A16 Bionic chip. However, some users find it similar to the previous model. Do you have specific concerns?",neutral,model details
3,4,customer,"Yes, what storage options are available, and are they cost-effective?",very positive,pricing
4,5,agent,"The iPhone 14 is available in 128GB, 256GB, and 512GB options. The pricing often feels premium for the higher storage models.",very positive,pricing
5,6,customer,I think the 256GB might be overpriced. What's the cost?,very negative,pricing
6,7,agent,"The 256GB version is priced at $999, which is steep, but it includes enhanced features. Are you interested in any specific color that might change your mind?",very positive,pricing
7,8,customer,What colors are available?,very positive,other
8,9,agent,"It's available in Midnight, Starlight, Product Red, Blue, and Green. The Blue has been particularly popular.",very positive,other
9,10,customer,"I like the Blue one, but is it really worth the upgrade from iPhone 13?",very positive,pricing
10,11,agent,That’s a valid concern. The improvements are incremental and might not justify the upgrade for every user.,neutral,other
11,12,customer,I see. How long would the delivery take if I decide to go ahead?,neutral,shipment
12,13,agent,"Delivery typically takes 3-5 business days, but there have been some delays recently.",neutral,shipment
13,14,customer,"Okay, I’ll think about it. What payment methods do you accept if I decide to purchase?",very positive,payment
14,15,agent,"We accept credit cards, debit cards, and PayPal. Let me know if you have any other questions.",neutral,payment
15,16,customer,I’ll use my credit card. Can you assure me that the payment process is secure?,neutral,payment
16,17,agent,"Absolutely, I can assure you that our payment process is secure. I'll send you a payment link now.",very positive,payment
17,18,customer,I’ve made the payment. When can I expect a confirmation?,neutral,payment
18,19,agent,"You should receive a confirmation email within the next few hours. If it doesn’t arrive, please let us know.",neutral,other
19,20,customer,"Lastly, I’m worried about the battery life. What can you tell me about that?",neutral,other
20,21,agent,"The battery life is generally good, but like any device, it depends on usage patterns. If you experience issues, we’re here to help.",neutral,model details
21,22,customer,Thanks for the information. I’ll need some time to think it over.,very positive,other
22,23,agent,"Of course, take all the time you need. Feel free to contact us with any more questions. Have a great day!",very positive,other
